Danh_sách học_sinh RV đỗ vào các trường Singapore RV_Centre Hà_Nội chúc_mừng các em học_sinh RV đã thi đỗ vào các trường Quốc_lập Singapore năm_học 2005 - 2006 Dưới đây là danh_sách những thí_sinh trúng_tuyển vào ĐH Quốc_gia Sinhgapore , ĐH Công_Nghê Nanyang , NgeeAnn_Polytechnic . Đại_học quốc_gia Singapore ( NUS ) Họ và Tên Lớp_học tại RV Học_sinh trường Thi đỗ học_bổng Lê_Thu_Nga Inten_PU Hà_Nội Amsterdam_NUS Phạm_Tuấn_Minh_PU 407 Chuyên_Lý ĐH KHTN_NUS Nguyễn_Thúy_Ngọc_PU 407 Chuyên_Toán ĐH KHTN_NUS Lê_Nguyễn_Diệu_Hằng PU 407 Chuyên Tin ĐH KHTN NUS_Dương_Bình_Dương PU 407 Chuyên NN_NUS Phạm_Đức_Dũng PU 407 NUS Trần_Song_Thương_Thương PU 405 ĐH KHTN_NUS Phan_Xuân_Dũng PU 409 Hà_Nội Amsterdam_NUS Lê_Thanh_Hiếu PU 409 Chuyên_Sinh ĐH KHTN_NUS Nguyễn_Vân_Hương PU 409 Chuyên NN ĐH QGHN NUS_Hoàng Hương_Giang PU 409 ĐH KHTN_NUS Trần_Phương_Nhung PU 411 NUS Trần_Ngọc_Mai PU 411 Hà_Nội Amsterdam_NUS Trịnh_Thái_Duy_Pu 411 Hà_Nội Amsterdam_NUS Đỗ_Thị_Thu_Hương PU 411 Chuyên_Ngữ ĐH QG HN_NUS Nguyễn_Quang_Huy PU 411 Hà_Nội Amsterdam NUS ĐH Công_Nghê Nanyang_Singapore ( NTU ) Lê_Thu_Nga Inten_PU Hà_Nội Amsterdam_NTU Phạm_Tuấn_Minh_PU 407 Chuyên_Lý ĐH KHTN_NTU Nguyễn_Thúy_Ngọc_PU 407 Chuyên_Toán ĐH KHTN_NTU Lê_Nguyễn_Diệu_Hằng PU 407 Chuyên_Tin DHHKHTN_NTU Trần_Phương_Nam PU 407 Hà_Nội Amsterdam_NTU Phạm_Đức_Dũng PU 407 NTU Phan_Xuân_Dũng PU 409 Hà_Nội Amsterdam_NTU Vũ_Đình_Thế_PU 409 ĐH QG HN_NTU Đặng_HoàI_Nam PU 409 NTU Nguyễn_Vinh_Quang_PU 409 Hà_Nội Amsterdam_NTU Đinh_Khắc_Thành PU 411 ĐH KHTN_NTU Trần_Phương_Nhung PU 411 NTU Trịnh_TháI_Duy_PU 411 Hà_Nội Amsterdam_NTU Cao_Nam_HảI_PU 411 Hà_Nội Amsterdam_NTU Nguyễn_Việt_Phú PU 411 ĐH BK HN_NTU Nguyễn_Thu_Thủy PU 411 ĐH QG_HN NTU_NgeeAnn Polytechnic_Singapore Nguyễn_Văn_Thuật Chu_Văn_An Poly Nguyễn_Duy_Hoàng ĐH KHTN_Poly Nguyễn_Gia_Tùng Việt_Đức Poly_Lưu_Ngọc_Linh ĐH NN_HN Poly Bạch_Tuấn_Anh Lê_Quý_Đôn Poly Nguyễn_HoàI_Phương Trần_Phú_Poly Nguyễn_Minh_Nhật Hà_Nội Amsterdam_Poly Nguyễn_Thùy_Trang Hà_Nội Amsterdam_Poly Lê_Huyền_Trang Chu_Văn_An_Poly Đặng_Quốc_Sơn Chu_Văn_An Poly Nguyễn_Vinh_Quang ĐH BK_HN Poly Bùi_Trung_Nghĩa Việt_Đức_Poly Huỳnh_Công_Đức ĐH QGHN_Poly Nguyễn_HoàI_Anh ĐH KHTN_Poly Nguyễn_Vân_Hương ĐH QGHN_Poly Nguyễn_Hùng_Phương Trần_Phú_Poly Bùi_Minh_Tuấn Poly_Văn_Hồng Quân_Poly Vũ_Tô_Hà_Trang Trần_Phú_Poly Lê_Mai_Hương Hà_Nội Amsterdam_Poly Nguyễn_Anh_Thư Nguyễn_TrãI_Poly Hoàng_HảI_Linh Nguyễn_Bỉnh_Khiêm TPHCM Poly_Dương_Bình_Dương Chuyên_Ngữ HN_Poly Phạm_Hoàng_Việt Marie Curie_Poly Trần_Thị_Hường Kim_Liên_Poly Nguyễn_Khánh_Trung_Kim liên_Poly Nguyễn_Đức_Dũng ĐH KHTN Poly